fold,phase,epoch,phase_epoch,train_comp_loss,train_aux_loss,train_total_loss,val_loss,val_img_mae_overall,val_img_mae_CaOx,val_img_mae_CHP,val_img_mae_UA,val_img_mae_MAP,val_img_mae_CYS,val_img_dominant_acc,val_img_dominant_macro_f1,val_img_aitchison,val_stone_mae_overall,val_stone_mae_CaOx,val_stone_mae_CHP,val_stone_mae_UA,val_stone_mae_MAP,val_stone_mae_CYS,val_stone_dominant_acc,val_stone_dominant_macro_f1,val_stone_aitchison,seconds
0,frozen,0,0,1.1306385819435119,0.5562363934993744,1.2975095132827759,1.051903765906328,0.23866870999336243,0.3860775828361511,0.3339792490005493,0.1843017190694809,0.097661092877388,0.191323921084404,0.5534591194968553,0.24581124072110283,12.529699325561523,0.23846717178821564,0.3858770728111267,0.333172082901001,0.18430174887180328,0.0976611077785492,0.1913239061832428,0.6037735849056604,0.26891891891891895,12.530960083007812,102.1
0,frozen,1,1,1.019661536026001,0.5158722566604614,1.174423227119446,1.012468415986067,0.2249675989151001,0.3648325502872467,0.3198939859867096,0.16793900728225708,0.08294285833835602,0.1892295926809311,0.5534591194968553,0.26322921200039306,12.376197814941406,0.2241845577955246,0.3625616729259491,0.31830161809921265,0.16788716614246368,0.08294286578893661,0.18922960758209229,0.5849056603773585,0.261244019138756,12.37873363494873,101.4
0,frozen,2,2,0.9403905807495118,0.49111354246139527,1.0877246627807617,1.015398547334491,0.2202395498752594,0.3587900698184967,0.30574485659599304,0.18287470936775208,0.07915939390659332,0.17462867498397827,0.5157232704402516,0.23648303450935027,12.321196556091309,0.21983429789543152,0.35689982771873474,0.30560895800590515,0.1828746646642685,0.07915939390659332,0.17462867498397827,0.5094339622641509,0.21270491803278685,12.32405948638916,100.4
0,frozen,3,3,0.908945683479309,0.47981758975982663,1.0528909713745118,1.0381876425173298,0.20977585017681122,0.34382280707359314,0.33117008209228516,0.14645425975322723,0.07320082932710648,0.1542312651872635,0.559748427672956,0.2537439489133793,12.05299186706543,0.2090308666229248,0.34158119559288025,0.32990822196006775,0.14623293280601501,0.07320084422826767,0.1542312353849411,0.5849056603773585,0.26330532212885155,12.056365013122559,102.8
0,frozen,4,4,0.8925095666885376,0.4750437647819519,1.0350227127075196,1.026523434890891,0.20950083434581757,0.3463449478149414,0.30369630455970764,0.16023509204387665,0.08579866588115692,0.15142923593521118,0.5408805031446541,0.25352166543526444,12.12354850769043,0.20882967114448547,0.3450213074684143,0.3026569187641144,0.15994130074977875,0.08509959280490875,0.1514292061328888,0.5094339622641509,0.2179461615154536,12.128947257995605,101.2
0,finetune,5,0,0.88289059715271,0.46305705518722534,1.0218077215194703,1.0461687441891845,0.2062460482120514,0.3520834743976593,0.2867189049720764,0.19111062586307526,0.0666966438293457,0.1346205174922943,0.5534591194968553,0.3113857941269109,12.000062942504883,0.20567865669727325,0.3508014976978302,0.2851638197898865,0.19111070036888123,0.06669662892818451,0.13462050259113312,0.5471698113207547,0.32034632034632027,11.993958473205566,101.0
0,finetune,6,1,0.831774739074707,0.45045135636329653,0.966910159111023,1.0097280148440186,0.19233441352844238,0.32733386754989624,0.2906894087791443,0.1480276882648468,0.05921882763504982,0.13640230894088745,0.5723270440251572,0.3141190895696166,11.707442283630371,0.19152981042861938,0.324870228767395,0.2895984649658203,0.1475592404603958,0.059218816459178925,0.13640229403972626,0.5471698113207547,0.2851703558208053,11.705429077148438,101.3
0,finetune,7,2,0.8189602757453919,0.44149263014793394,0.9514080806732178,0.9725782541358996,0.19140128791332245,0.308111310005188,0.29364511370658875,0.17318502068519592,0.0627959743142128,0.1192690059542656,0.6163522012578616,0.3361926961926962,11.704192161560059,0.1907782107591629,0.30635493993759155,0.2927153706550598,0.17275568842887878,0.0627959668636322,0.119268998503685,0.6226415094339622,0.2790430622009569,11.686797142028809,103.7
0,finetune,8,3,0.7729569058418274,0.42560672307014463,0.9006389262199402,0.9278783438340673,0.18365217745304108,0.3023732900619507,0.27376309037208557,0.15572458505630493,0.06644298881292343,0.11995699256658554,0.6415094339622641,0.395328330206379,11.599664688110352,0.18263395130634308,0.2995939552783966,0.27221980690956116,0.15495605766773224,0.06644299626350403,0.11995698511600494,0.5849056603773585,0.3046309586764372,11.600812911987305,101.8
0,finetune,9,4,0.7446179355621337,0.42200972685813903,0.8712208518981933,0.8938456698783539,0.1864679604768753,0.2887125313282013,0.29456955194473267,0.14857004582881927,0.07259860634803772,0.12788906693458557,0.6540880503144654,0.3904134484325307,11.660867691040039,0.18513840436935425,0.2870357036590576,0.2904852628707886,0.14805415272712708,0.0722278580069542,0.12788909673690796,0.7169811320754716,0.40825647782169516,11.66644287109375,104.7
0,finetune,10,5,0.7190265515327453,0.4159366642475128,0.8438075601577759,0.9031971895469809,0.18044638633728027,0.27071520686149597,0.29027724266052246,0.15791727602481842,0.065377376973629,0.11794482171535492,0.6729559748427673,0.4191502046340756,11.517715454101562,0.1782897263765335,0.26638609170913696,0.28476426005363464,0.15708862245082855,0.06526485085487366,0.11794483661651611,0.6981132075471698,0.37109084768659234,11.501843452453613,102.5
0,finetune,11,6,0.6967085388183594,0.4117376683235168,0.8202298459053039,0.8635108703337375,0.181886225938797,0.2804441750049591,0.28841641545295715,0.14106565713882446,0.07156092673540115,0.1279439777135849,0.6477987421383647,0.3947787489613245,11.59878158569336,0.18028347194194794,0.2777478098869324,0.2836446166038513,0.14074721932411194,0.07133378833532333,0.1279440075159073,0.7169811320754716,0.4450793650793651,11.618896484375,103.5
0,finetune,12,7,0.6386965179443359,0.3932110221862793,0.7566598336219788,0.8120926686053006,0.1780594289302826,0.2593124806880951,0.2601800262928009,0.17127561569213867,0.06877674162387848,0.1307523250579834,0.660377358490566,0.45156144976679924,11.580000877380371,0.17624211311340332,0.256475567817688,0.25460630655288696,0.17059962451457977,0.06877675652503967,0.130752295255661,0.7358490566037735,0.4948605748605749,11.58807373046875,104.2
0,finetune,13,8,0.627120774269104,0.37459057126045225,0.7394979487419129,0.7900741572649974,0.17293459177017212,0.24198190867900848,0.25151747465133667,0.16064389050006866,0.08246210962533951,0.12806755304336548,0.6729559748427673,0.48861946814349155,11.54938793182373,0.17088796198368073,0.23942311108112335,0.24489252269268036,0.15959452092647552,0.08246209472417831,0.12806753814220428,0.8113207547169812,0.6066494908600172,11.574065208435059,102.3
0,finetune,14,9,0.6365594111442566,0.38608868374824523,0.752386010837555,0.8334964281358059,0.17364783585071564,0.25884684920310974,0.2699050009250641,0.13650308549404144,0.09460699558258057,0.10837719589471817,0.6729559748427673,0.42990746119619044,11.44412899017334,0.17148196697235107,0.25507256388664246,0.2633357048034668,0.13650307059288025,0.0941212847828865,0.10837715119123459,0.7169811320754716,0.42727272727272725,11.445788383483887,101.1
0,finetune,15,10,0.5738614794254303,0.37022505640983583,0.6849290021896363,0.8216988350610314,0.16576039791107178,0.2584136724472046,0.23547512292861938,0.14288057386875153,0.06743171066045761,0.12460093200206757,0.6540880503144654,0.44234317043893895,11.34697151184082,0.16390067338943481,0.25395339727401733,0.23155319690704346,0.14249379932880402,0.0669020339846611,0.12460093945264816,0.660377358490566,0.4595238095238095,11.369504928588867,101.2
0,finetune,16,11,0.5693564490318298,0.36341322712898255,0.6783804274559021,0.7934079567591349,0.15963317453861237,0.2480003833770752,0.23366110026836395,0.13848745822906494,0.07054179161787033,0.10747512429952621,0.6918238993710691,0.48860606060606065,11.243208885192871,0.15734753012657166,0.2423972338438034,0.2285158783197403,0.13804680109024048,0.07030253857374191,0.1074751764535904,0.7547169811320755,0.5913065530533577,11.256780624389648,102.1
0,finetune,17,12,0.5432848603248596,0.35739684467315674,0.6505039172172546,0.807115042734446,0.15526904165744781,0.2453039139509201,0.232395201921463,0.12253092974424362,0.07081535458564758,0.10529977828264236,0.6729559748427673,0.42376354582236936,11.137914657592773,0.15336403250694275,0.24119746685028076,0.2269766628742218,0.12253089994192123,0.070815309882164,0.10529977083206177,0.7547169811320755,0.46349549549549546,11.154184341430664,101.8
0,finetune,18,13,0.5277275608539581,0.34246999139785766,0.6304685628890991,0.7970427709555475,0.1598670780658722,0.22707237303256989,0.24974504113197327,0.12236707657575607,0.08815184980630875,0.11199896037578583,0.6981132075471698,0.48016310625006275,11.182008743286133,0.1569419950246811,0.22048747539520264,0.24234379827976227,0.12236711382865906,0.08751261979341507,0.11199895292520523,0.7735849056603774,0.46590289143480634,11.218424797058105,101.0
0,finetune,19,14,0.5582093693733216,0.35285112643241884,0.6640647148132324,0.7355587744862778,0.1635681390762329,0.23256385326385498,0.23789815604686737,0.15623190999031067,0.07308099418878555,0.1180657297372818,0.7232704402515723,0.529139835740865,11.351054191589355,0.16100701689720154,0.22819013893604279,0.23060886561870575,0.1550893634557724,0.07308097928762436,0.11806569993495941,0.8113207547169812,0.6182486275509531,11.399375915527344,101.9
0,finetune,20,15,0.5344326322078705,0.3428614219665527,0.6372910645484924,0.7089044620405953,0.15371862053871155,0.2197093665599823,0.22523251175880432,0.1505407840013504,0.06934066116809845,0.10376985371112823,0.7358490566037735,0.5236262626262627,11.201003074645996,0.15081235766410828,0.21260498464107513,0.21877112984657288,0.14957526326179504,0.06934064626693726,0.10376980900764465,0.8490566037735849,0.6316784869976358,11.239015579223633,101.5
0,finetune,21,16,0.5370730699062347,0.34970699338912964,0.6419851757049561,0.7876205894182313,0.15757480263710022,0.22930499911308289,0.23355361819267273,0.1757221519947052,0.058854006230831146,0.09043918550014496,0.7547169811320755,0.5483615483615483,11.23642635345459,0.15512093901634216,0.22533486783504486,0.22607463598251343,0.1749020218849182,0.05885401368141174,0.09043921530246735,0.8301886792452831,0.6318181818181818,11.209759712219238,101.1
0,finetune,22,17,0.5047968240737915,0.32421329889297484,0.6020608129501342,0.7864577942674265,0.1622864156961441,0.23475193977355957,0.24860209226608276,0.16775883734226227,0.0635816752910614,0.09673754125833511,0.6729559748427673,0.49421762069518016,11.224265098571777,0.15826235711574554,0.23144014179706573,0.23354478180408478,0.16677434742450714,0.06281503289937973,0.09673751890659332,0.8113207547169812,0.6121987315010571,11.232287406921387,102.1
0,finetune,23,18,0.4471941475868225,0.3356832116603851,0.5478991159439087,0.7595992395712895,0.15511035919189453,0.21474207937717438,0.22922556102275848,0.15404488146305084,0.0638459250330925,0.11369337141513824,0.7169811320754716,0.523872783563186,11.168144226074219,0.15141651034355164,0.2077435553073883,0.2188616693019867,0.15293803811073303,0.0638459175825119,0.11369336396455765,0.8113207547169812,0.6239531174659694,11.206748962402344,101.3
0,finetune,24,19,0.4856814337730408,0.3223485197544098,0.5823859986305236,0.7507031578687752,0.15817907452583313,0.22768399119377136,0.23653635382652283,0.1514105349779129,0.06950268894433975,0.10576178878545761,0.710691823899371,0.534916676418801,11.179818153381348,0.15517374873161316,0.22368012368679047,0.22693917155265808,0.15038132667541504,0.06910636276006699,0.10576179623603821,0.8113207547169812,0.6239531174659694,11.223554611206055,101.2
0,finetune,25,20,0.46224764261245727,0.3231667962551117,0.5591976871490478,0.7364000231964783,0.15081605315208435,0.22608357667922974,0.23148369789123535,0.13112354278564453,0.06669618934392929,0.09869332611560822,0.7358490566037735,0.5365136697954036,11.072900772094727,0.1473316252231598,0.2201721966266632,0.22161786258220673,0.12947852909564972,0.06669622659683228,0.09869328886270523,0.8113207547169812,0.6344816586921851,11.092105865478516,100.7
0,finetune,26,21,0.4230870342731476,0.3127308181762695,0.5169062873840332,0.7509517737154691,0.1527726799249649,0.2224646806716919,0.23883385956287384,0.11651918292045593,0.08565373718738556,0.10039199143648148,0.710691823899371,0.5354931610151862,11.014208793640137,0.149178609251976,0.21627463400363922,0.22751618921756744,0.11605651676654816,0.08565373718738556,0.10039199888706207,0.7735849056603774,0.5368298368298368,11.07098388671875,101.1
0,finetune,27,22,0.41312962913513185,0.3046445417881012,0.5045229921340942,0.7521069912040759,0.15246377885341644,0.20616181194782257,0.2307351529598236,0.15681593120098114,0.07118072360754013,0.09742530435323715,0.7044025157232704,0.5150365726227796,11.11950397491455,0.14817455410957336,0.19894210994243622,0.21839115023612976,0.15493349730968475,0.07118073105812073,0.09742530435323715,0.7735849056603774,0.5770631653128593,11.11728286743164,101.8
