stone_id,mean_std_per_class,std_CaOx,std_CHP,std_UA,std_MAP,std_CYS,std_OTH
S10,0.09532566802407454,0.24783576885003675,0.1742427819914513,0.024172785378118886,0.09372896836717744,0.019791261084010147,0.012182442473652622
S100,0.062232802851130524,0.18532319455575472,0.03843140296315345,0.12998684879954484,0.00850562007963377,0.005915259269995714,0.005234491438700641
S101,0.07703879306061281,0.14455173893595108,0.1437031072404242,0.09140965668135143,0.04079713946552992,0.03820419645872623,0.0035669195816939664
S103,0.12275462730279846,0.20362007384847747,0.07894832271450783,0.17455375617591262,0.0036455183627428314,0.27553992407039024,0.00022016864475975462
S104,0.035373483749219524,0.006011122981541305,0.0890501445937746,0.019423009404830695,0.08278053164431666,2.6878677271515463e-07,0.014975825084081162
S105,0.0604361699209472,0.026345168404601882,0.14843136298348727,0.007349994513014299,0.14460170222686522,0.015068115464742177,0.020820675932972363
S106,0.07041726336566166,0.06137543161961171,0.20855299223378046,0.011505079632688412,0.10221928052674813,0.0027959068355946242,0.03605488934554663
S107,0.06956368930176093,0.17451842331258471,0.09199309039219566,0.000333475066866106,0.14905596565857396,9.375885911495563e-05,0.0013874225212301757
S108,0.1233466477632596,0.35024543038817163,0.34540972069295156,0.008919131161886303,0.026060914510475784,0.00044590847073642804,0.008998781355335985
S109,0.13242295831288764,0.3211346867378581,0.36126059906049435,0.07340329840066315,0.038483607440815366,1.2252706537060414e-05,0.00024330553095787896
S11,0.12619534741985058,0.2891406836753688,0.18251359889076507,0.06896570479840684,0.20862176405537994,0.003258991687240543,0.004671341411942219
S111,0.017712447830790016,0.05234815162465998,0.03572562773633227,0.008543985903919664,0.0019251368210013316,0.000357467154828191,0.00737431774399864
S113,0.04288492479226832,0.04997971647832532,0.06912067250316102,0.00539328861692732,0.12714711900091616,0.0012320224028910499,0.004436729751389021
S115,0.11147080462835973,0.3171812203974102,0.2778852919876671,0.00046100833566833807,0.06542589906635256,0.00017325718806734507,0.007698150794992756
S116,0.04390251882113144,0.008095193454693426,0.11606091216509115,0.005148546612718694,0.020173530838649395,0.11165440350028523,0.002282526355350772
S117,0.05740529683910084,0.1629256897404724,0.14518733366073994,0.0012483380271069275,0.03234692658990611,7.576651440990719e-05,0.0026477265019697782
S118,0.020120351339751864,0.05749541864333078,0.05910350412463698,0.0028485788878792025,0.00023476490591848093,0.0009527913390588718,8.705013768685767e-05
S119,0.05753096582490355,0.15919979184578692,0.11872036302562303,0.007980901199469117,0.05345016628395502,0.0036664633683882197,0.002168109226199011
S12,0.05944116814545109,0.12231455787860936,0.08700102975282598,0.08605782706037886,0.012355973585894894,0.026329083006759648,0.02258853758823786
S120,0.05767781076803169,0.10462674218326108,0.05524246852573869,0.004974938445862059,0.017788396631309426,0.15835864683480652,0.0050756719872123495
S121,0.05102139417222382,0.03743835590136082,0.11089874411964254,0.01690462323703861,0.006340260485169071,0.13430504932465767,0.00024133196547428918
S122,0.053359655944786526,0.016297173328008178,0.05244930809210304,0.02132327729147455,0.06966757385482089,0.16006730953933448,0.0003532935629780267
S124,0.02829587271186294,0.006773222993278486,0.04631829812257185,0.006090015210157829,0.07318291746317962,0.03396786196129865,0.003442920520691216
S125,0.05195858998042995,0.024060377602008343,0.12306096728484638,0.0069947576724474015,0.13927151569889085,0.013688528401371244,0.004675393223015548
S127,0.1713444480875956,0.3035653078855376,0.14508951998369474,0.09757433042921297,0.004806076692174441,0.45653598375204546,0.020495469782908362
S129,0.01691665620150693,0.01376705697482099,0.009549305047022708,0.005394832530953997,0.021519871978686565,0.04868586208840807,0.00258300858914925
S13,0.07225146858353712,0.10798925965511777,0.1115408192926334,0.10434522538217028,0.0004950844657933166,0.06489381695879991,0.044244605746708014
S130,0.0798783750466451,0.08104959393396992,0.13588375033730804,0.006912412169408095,0.010773667179924028,0.23311922139663227,0.01153160526262824
S132,0.055569762412832534,0.09641275261973374,0.0674674695669012,0.023288957390790583,0.017542756600709888,0.06669212417407702,0.06201451412478278
S135,0.05693138769743631,0.10432231304621349,0.04178558594113091,0.06540437832390379,0.002755053510867176,0.09189376947011758,0.035427225892384936
S136,0.08883273048469846,0.25977028036228206,0.04087026096102998,0.2297803628848203,0.0008542642354597504,0.0011266250826659776,0.0005945893819326512
S137,0.06766212539915274,0.17625476319617928,0.08469982231129197,0.042064848576425166,0.001857821302273696,0.08195971846178625,0.019135778546960084
S138,0.041187339965785864,0.05177493120343979,0.050950908436432754,0.08614863943947994,0.008550565025060325,0.04716471193223798,0.002534283758064391
S139,0.1984110226143442,0.5147213902439026,0.1715462925259576,0.014100255242851455,0.007908854684639262,0.48206018966640685,0.0001291533223075186
S14,0.10080423468980282,0.2961129412757308,0.22902029008921973,0.005841854791357493,0.06622144816978966,0.0029352581144930605,0.004693615698226228
S140,0.14085151502481535,0.2981139411706977,0.14530693516572696,0.027798189323792657,0.023751706331809872,0.3451041332182237,0.005034184938641152
S141,0.06054672958659171,0.15676514216216977,0.03300879560377107,0.04569160042677269,0.006078503785208243,0.12078897002367495,0.0009473655179535481
S142,0.028525925910804658,0.07466408704824203,0.0678541164130295,0.018302525491851226,0.008832087665250971,0.00038443372288020524,0.0011183051235739597
S143,0.1085141461954886,0.25400410433012843,0.2813536728052044,0.052927166493868937,0.03789438378278952,0.021854805307158404,0.0030507444537818786
S144,0.10236947015858057,0.24357531702281923,0.17755375327773767,0.15920603570380332,0.03347708985072876,7.626886731692875e-05,0.00032835622907757703
S145,0.04550392604858733,0.13649383861407083,0.06979174896263664,0.043119625140315684,0.016132172663130228,0.0017886391182203535,0.005697531793150249
S146,0.054896124583089505,0.15312491293931776,0.12155555806943392,0.03484088668244324,0.015605822575240463,0.00019860816730170967,0.004050959064799901
S147,0.043045562481535876,0.043464655183193555,0.11202744030843427,0.0020295986917825597,0.09959570636779935,7.342216209341054e-05,0.0010825521759121172
S148,0.01663180072932939,0.038919015771713576,0.04924973164937634,0.003591408397888316,0.00011555360310862238,0.007603610196606307,0.0003114847572831763
S149,0.006256969114719059,0.0166454556020887,0.01683380879785374,0.003882444023846185,5.50495309811697e-05,2.9780698460763205e-05,9.52760350837998e-05
S15,0.0017617303639372018,0.005175598082520391,0.004676164624152823,0.0004688220188462807,7.831521663302711e-05,5.271678716144245e-05,0.00011876545430924683
S150,0.11603146848546275,0.3463801512712402,0.12109623468218829,0.0023909318030778583,0.22434058441380858,0.0006645295605503804,0.001316379181911218
S151,0.013421446710301746,0.030740321834564405,0.020041032233740656,0.008375472822910379,0.019795545271180697,0.0006715207808813327,0.0009047873185330285
S152,0.007762748530252454,0.02294792030263444,0.015779342214092468,0.004502113204123709,0.0009598151476508328,0.0004861593147843375,0.0019011409982289415
S153,0.08733324221693116,0.24021973559692147,0.11868324756372427,0.13316294163550585,0.013676783660994462,0.008194211113139366,0.010062533731301507
S154,0.029289208215464994,0.08765855340197747,0.06057375556121759,0.020611369206867448,0.0003463764804827987,0.003625340805560445,0.0029198538366841877
S155,0.021020059904257555,0.03380659484743921,0.04080154405201668,0.0005487263497936788,0.034267028753428345,0.000801330619004034,0.015895134803863384
S156,0.03792650691991938,0.03117803541802003,0.08689136426213898,0.002406720731933708,0.10287764028729914,0.00010959684518983141,0.004095683974934618
S157,0.06804198958931672,0.07388688398272412,0.15397458572674697,0.029556292802101376,0.11457381881790715,0.03034867815171895,0.005911678054701745
S16,0.04541843700519529,0.10698387344914,0.059152692373805986,0.07856099996019542,0.024566397543220722,0.0014958551568148707,0.0017508035479947461
S160,0.10024427458523723,0.2923914486996089,0.13587434743711407,0.0934151369909876,0.003156128835375557,0.07504958530546595,0.0015790002428714286
S161,0.01785110190349508,0.041285476972943484,0.02163156233618336,0.044063709455755176,4.003456329301526e-05,1.4544552659044667e-05,7.128354013638198e-05
S162,0.022128363520366238,0.06561382146366994,0.02181009654341173,0.04449875055469644,0.0002931889651200031,0.00011196711222473678,0.00044235648307455326
S164,0.08241661830269693,0.234189220843202,0.07238602119343722,0.14549935725395377,0.0012147953802376375,0.025748703575940793,0.015461611569410165
S165,0.018020805710567248,0.05158828888079306,0.007681460296522154,0.01074634165717784,0.0037345538149276825,0.02875590474646145,0.005618284867521305
S166,0.03989508867445336,0.04620966583538396,0.06545373320997619,0.043837447346547785,0.008896606804515358,0.06125629483946936,0.013716784010827519
S167,0.06994697255040973,0.13061716774428053,0.04452232423779617,0.030537447017834674,0.19490078409860664,0.0009009631717017681,0.018203149032238648
S169,0.0648581470494012,0.16105767515926303,0.051217864563484324,0.020097477109489593,0.13342432456811118,0.011543534777602154,0.01180800611845691
S17,0.004185745622199964,0.01105146113488519,0.0062356895307471615,0.007031175845713931,3.999718115392421e-06,6.935754430911818e-05,0.0007227899594289888
S172,0.1363021868982708,0.17219509224524457,0.09374251159910069,0.3726447251523531,0.0012782672518470378,0.16810107509345734,0.009851450047622171
S173,0.05801329661501257,0.1689078771455957,0.17270943047069304,0.005279896142282018,0.000182315029408086,3.7036681234267143e-06,0.0009965572339731812
S174,0.043042923229133334,0.10999142887421212,0.12431764621500721,0.014044163460139467,0.0008483750350377538,0.0008373626533724936,0.008218563137030977
S175,0.04898906310010576,0.13742291760310824,0.015580326025084268,0.14025317420986627,0.0003727769616727373,1.312822026372485e-05,0.0002920555806393194
S176,0.07214847748770202,0.05441375844585686,0.1473368322324281,0.02306909810378129,0.06477286481236065,0.14285759837049458,0.0004407129612905293
S18,0.029271364748208965,0.08654936322674504,0.07812841393739947,0.0035436783951909878,0.0033249822264968627,1.7501125642664252e-05,0.004064249577778782
S180,0.031196365247524272,0.03609860716218669,0.07922761422064221,0.003058328933456958,0.01361608336920791,0.05443217543141783,0.0007453823682340033
S181,0.03195639214681088,0.05285669018678848,0.03427418591189091,0.008534104001154886,0.061895629294899675,0.027132547324712646,0.007045196161418679
S182,0.004500494205797748,0.003562003926627139,0.009230724251272538,0.005657052616683581,0.008551919003123134,8.075902683036124e-07,4.57846811790038e-07
S183,0.02139109284928298,0.02498319026316641,0.044667077636665886,0.03795785720335597,0.013990073281829985,0.002012089518604828,0.004736269192074824
S185,0.01403797288052975,0.041561069027166546,0.015008148251221766,0.0233941045102906,0.002656778215397384,0.0009796652886092053,0.0006280719904930116
S186,0.01828588081132074,0.052877614274431925,0.03394100594348019,0.010885979389914167,0.01173103472330302,5.287538612166091e-05,0.00022677515067346751
S187,0.01251216152355835,0.03750020761219547,0.032750252216625184,0.0010296580579075352,0.0002675786035743514,2.4789778819953217e-05,0.0035004828722276205
S189,0.06296234956873482,0.18141277599317798,0.023211835545458387,0.1550081176362375,0.0025706533167300784,0.012707296749050818,0.0028634181717541807
S190,0.07154320921354816,0.07500340409193124,0.14577459226743414,0.1969507087768292,0.0033325155974080365,0.007311112882863054,0.0008869216648232981
S191,0.08212561718133211,0.15213783720883714,0.08715123610515081,0.0063731962394555745,0.0005532735564152614,0.2446628559451057,0.0018753040330281696
S192,0.03932571657635666,0.033336200297815304,0.07284867089635633,0.04049323024225561,0.0009694554853468956,0.08544169012089715,0.0028650524154687227
S193,0.03185552369792254,0.029900839130970837,0.04275990214595837,0.015153432606321692,0.021101617739299194,0.07651656070895706,0.005700789856028113
S194,0.05145863029282566,0.11749042226454198,0.09741225621843153,0.03208021865627403,0.045876227941243464,0.012243696719094803,0.0036489599573681555
S195,0.054799492694607314,0.02805392638809859,0.15643908581754157,0.000937005587939839,0.14215064543368391,3.346551092725215e-05,0.0011828274294527574
S196,0.08070914907501765,0.05300692187645541,0.16494280750179707,0.0520935415390234,0.06530266133330867,0.14377535963994903,0.005133602559572328
S197,0.09995652413000206,0.18087478525952308,0.07370326513817288,0.010758951437308331,0.03285990996341808,0.2993751101972413,0.0021671227843486525
S198,0.06852129891095043,0.04156166055655725,0.07770588263392433,0.06838553845412476,0.013904033123118978,0.2012627938030737,0.008307884894903658
S199,0.04587008823494299,0.044138182636718634,0.024506932806437377,0.06250217369113087,0.008130281739906079,0.13446329190934786,0.0014796666261171713
S2,0.03862168667498284,0.10620388502564089,0.08840581609850064,0.011913498980211283,0.0037081550855422194,0.0023340862389139897,0.019164678621088012
S20,0.12012129111818463,0.35713107954920803,0.17376194311665336,0.0008575131804024987,0.17822691757985804,0.00020957034097281464,0.01054072294201312
S201,0.0010440115438129637,0.003073582552244956,0.0028780747536608525,0.0002129911103667803,8.179887407035378e-05,2.529443665790996e-06,1.5092528869048914e-05
S202,0.013441842558699372,0.037517312269092086,0.02506456706852386,0.013241669557824938,0.000934865886362866,0.00012606759942240185,0.0037665729709700784
S203,0.08389466574344358,0.10002884346513966,0.11571171557583221,0.0900420927528202,0.000577443494661914,0.17190393596353554,0.025103963208672007
S204,0.041024723339233155,0.02907091850252798,0.08109739660829586,0.0642498579732643,0.020640980577311882,0.02409934867531997,0.026989837698678947
S205,0.2045346027647222,0.1051479483320816,0.2770432557328569,0.4096155386546338,0.0014733659702361563,0.4258766459026028,0.008050861995921905
S206,0.11606097445249237,0.33864328827696877,0.03586760246534601,0.09589044358714557,0.0034585800665077582,0.20932421999911652,0.013181712319869669
S207,0.02761446427242055,0.07607478738561681,0.027008810081861026,0.04792080398073943,0.0017996963786867297,0.011053250925117284,0.0018294368825020296
S208,0.20945133545118844,0.3983644799164173,0.5329317821214236,0.28759354309165963,0.0032252304442146286,0.0052039897629310074,0.02938898737048437
S209,0.13368983680561414,0.3839749602334059,0.1213035065071784,0.28919030063405193,0.00043486783159089957,0.00016593071463969655,0.007069454912818124
S21,0.1008033847554053,0.23394422284219618,0.26461170001493695,0.07253712568397686,0.027495364207668623,0.0028677781923514517,0.0033641175913018437
S210,0.012473582936790295,0.016429987841691484,0.018562642389012965,0.017974632475137715,0.01818969647734209,0.0016937087925141875,0.0019908296450433316
S211,0.07674242683942115,0.023470992273052587,0.2154222565628371,0.1594074894284882,0.04374241226330931,0.0028506893393946977,0.015560721169444989
S212,0.10899438482555808,0.04500895794975372,0.03925287781942652,0.2425516604528025,0.0001589840346090447,0.3269729825214579,2.084617529888301e-05
S215,0.1402195776108618,0.16049704313179178,0.37678961594938165,0.1988536152849749,0.004940298623213951,7.61345115720143e-05,0.10016075816423632
S218,0.05919321748920011,0.03473116553530622,0.10287363480439092,0.06446759618381454,0.07384857702583396,0.06551417812460235,0.013724153261252654
S219,0.05787776834161906,0.10688712593567334,0.05894065648725159,0.10112582171392995,0.06694802922767354,0.007094963470631538,0.00627001321455443
S22,0.07771973415083273,0.1959930027637233,0.07816891782493061,0.1353110753798828,0.048199858074831056,0.004487345279593653,0.004158205582035011
S220,0.04685480520640192,0.11463068372997261,0.06725162366860926,0.027451124603093298,0.06319160982470912,0.0016634333061270443,0.00694035610590023
S221,0.059994405693046565,0.17902956082187388,0.11028302983920325,0.05512269795465172,0.001009235585908801,0.00652740444032899,0.00799450551631273
S222,0.09586883892328991,0.28738586731472965,0.25278699350621336,0.002464713481457157,0.008179855945955083,0.019509467684363367,0.004886135607020847
S223,0.11952485912693106,0.31530550486666337,0.2697465287820167,0.12157643551449702,0.008430513134379857,0.0003659347617510056,0.001724237702278457
S224,0.059150687686682184,0.17640263448790142,0.17724391205071174,0.0007013771042222039,8.280715161943918e-05,6.97812259276851e-05,0.0004036140997105539
S227,0.020989643594638452,0.06195245588532302,0.0625764099827027,0.00041029796716528943,1.239893128933671e-05,4.7150032174446024e-05,0.0009391487691759055
S228,0.08521881723242851,0.1978707886721349,0.1256701268644355,0.04844449055163957,0.02257563514844001,0.022941552104209527,0.09381031005371152
S229,0.0708323830920787,0.2005865817318529,0.1923652065840918,0.006971843357656044,0.013633372440960988,0.0001608112405466632,0.01127648319736387
S23,0.032509030744517865,0.09062005965957881,0.09297960758978052,0.006686610808277869,0.0013704494791329826,0.0006334287942623351,0.0027640281360746645
S231,0.043781490524583515,0.12259465025447566,0.09594950142830488,0.03900858844833938,2.3673921958378733e-05,5.9220227244126896e-05,0.005053308867178569
S232,0.13583581963563113,0.1837641417923533,0.2932438763191842,0.3110034462937635,0.00047617578740137236,0.0010164905774755616,0.025510787043608946
S233,0.04072515685582258,0.02676875947409294,0.09538581623093007,0.05019590856129563,0.049785746862946005,0.0045240356430775956,0.01769067436259322
S234,0.04939074071628067,0.14286401841532864,0.12980827293659797,0.005994999926164389,0.005576649136639784,0.0007916474277098489,0.011308856455243356
S235,0.06245410773647317,0.15189680102926845,0.035563614965742917,0.008568064449501873,0.1515791301581369,0.014650254382306108,0.012466781433882822
S237,0.11404012159681125,0.27807319746197867,0.18305398488074973,0.07246381410105557,0.11905934759994308,0.011868396773163778,0.019721988763976635
S238,0.04889301535615539,0.00963626830688292,0.12481324390612195,0.13248468906180066,0.006128234708681809,0.007792526379318807,0.012503129774126188
S239,0.1066366809251656,0.3144971809083921,0.30180745375049917,0.006518795635107671,0.007258648382648759,0.0017291465662309343,0.008008860308114877
S24,0.016298724213082063,0.04421658984181731,0.031226472749626123,0.020543610079607273,0.0005536148716980455,0.00012508030266299746,0.00112697743308065
S240,0.07426071320338512,0.2016266046088531,0.18640910452863485,0.022703819267986845,0.0027904106080983786,0.004692260768943471,0.027342079437794053
S241,0.12810272793974894,0.04794826002409084,0.26085638246721665,0.2756377220919812,0.0012846989959362396,0.130199479916587,0.052689824142681786
S242,0.015495223329711144,0.005017707050819321,0.03437937611855154,0.04622508568717218,0.00014574709036999398,7.092423844717513e-05,0.0071324997929066575
S243,0.005658958524948694,0.0042437054699875215,0.012640058572235307,0.016873783952237837,2.2576511778819493e-05,0.00015811610345768039,1.5510539995004003e-05
S244,0.00651468677832065,0.007418725511771876,0.010890067109606825,0.019263914133043493,8.68451264423846e-05,1.3818606118983575e-05,0.0014147501829403345
S245,0.07776687507019252,0.22720852962203644,0.1956133762737907,0.03235142085902454,0.00826924749594426,1.4175660754141185e-05,0.0031445005096050354
S246,0.025630124324346013,0.0671404288964602,0.06788289493412081,0.002303670568767623,0.00811294735099095,0.0036381360796525334,0.004702668116083981
S247,0.13064181175595727,0.3707778949056123,0.27751588936836846,0.09769900264543513,0.0008155056949973491,0.003034134478960836,0.03400844344236967
S248,0.04241513911494849,0.04862630514852108,0.07112110537968425,0.0892890717489511,0.008966037554349982,0.011112620107719672,0.02537569475046488
S249,0.02441502631483131,0.004758365889641226,0.047099048236026286,0.0061523947216386545,0.0340719118359666,0.003147250982587507,0.05126118622312761
S251,0.01589193596279221,0.0035210157335809566,0.039243212288660546,0.045141155647189644,0.004668428477951125,0.0019868180395136072,0.000790985589857383
S253,0.05295952202396346,0.04256896368444507,0.09765992915310508,0.022188430414937167,0.018330941693701742,0.13496846514136795,0.0020404020562237238
S254,0.13757948817659268,0.34566641946701016,0.36813588494409905,0.0731286225529399,0.0327291844168304,0.0013929388879586526,0.004423878790717973
S255,0.06474532389671249,0.19317538784267446,0.08364989028305428,0.08600194366215824,0.0040217362700130455,0.006023310798165589,0.015599674524209243
S256,0.09465472589258156,0.2490731748013681,0.06931743495699627,0.2288951377800085,0.00015699752913759998,0.0007842574720231814,0.01970135281595576
S258,0.07726713745716475,0.22672503052121912,0.2254143399251592,0.004924147052721244,0.00625017075853225,1.0995006084021147e-05,0.0002781414792726153
S259,0.11642685009160471,0.2618544079365226,0.07483553359999134,0.33606536415653243,0.00043647382909571276,0.01842427143999128,0.00694504958749492
S26,0.11662295947035566,0.32950963404945444,0.3135077474073191,0.013417134317137844,0.014080922220543298,0.014084463223024118,0.015137855604655038
S260,0.11913811349400727,0.10824289481978691,0.06923563050042472,0.17119317077369045,0.0018509321568847819,0.3557280290887481,0.008578023624508707
S261,0.058031196302094655,0.05262797070265434,0.06038655745700211,0.0724570937440396,0.0018492819593055455,0.15266916178417078,0.008197112165395546
S262,0.030557601528163007,0.08974214576911457,0.04853755523130279,0.029112607338912088,5.44999866672371e-06,0.0009108868467804242,0.015036963984201464
S264,0.0841781324129872,0.25195649128489567,0.017715114479177268,0.23406204450655307,8.949279813450864e-06,1.1715718677039206e-05,0.0013144792088066772
S265,0.0533614251728082,0.13762405389042248,0.08171470993441876,0.07273742261533503,0.01113910963406962,0.005887597771317995,0.011065657191285347
S266,0.056471542986302255,0.11722606319509893,0.12024847840470236,0.0218320496358412,0.05504730000778611,0.010356919750139852,0.014118446924245057
S267,0.0020106484559826786,0.006026256989254914,0.00427814165430966,0.0009379793273901223,3.0910971965684475e-06,1.6586611369238977e-05,0.0008018350563755675
S268,0.03842953705100292,0.11514809506440546,0.0255239952682137,0.0024623012768521693,2.5580064956410438e-05,6.834249404345619e-05,0.08734890813754631
S269,0.010980801828906393,0.032838325666192894,0.010315631189740248,0.0022378617195101614,1.3803393916446437e-05,5.852417021944994e-05,0.020420664833859164
S27,0.07820231793075497,0.13636256642302128,0.20603820855529825,0.08928952467463785,0.02818744703489979,0.0033410226390635637,0.005995138257609073
S270,0.02288707956084347,0.0661145290839265,0.015395638879415176,0.007309843152744991,0.0004379240555311165,2.9770259262038133e-05,0.04803477193418098
S271,0.021631720830738,0.058706363190569065,0.01269801716967552,0.0029801864853563225,0.00020677003977895845,0.00013475658528481983,0.05506423151376331
S273,0.17407778631297066,0.21291146983741993,0.01679072563816634,0.46620661882994496,1.0469549308708453e-05,0.0442080605542489,0.30433937346873513
S274,0.1047844598935566,0.29761852506115344,0.22416616176142456,0.03383554536712563,0.002530525550100333,0.00631767209324895,0.06423832952828665
S275,0.0721303574833216,0.11404234810766573,0.1864291790997915,0.08134896692537459,0.018533588662679536,0.03134331741584912,0.0010847446885691573
S277,0.030912930379059872,0.015394188248783297,0.07779439968476129,0.006553889817210192,0.07260823213618188,0.0007625836220179821,0.012364288765404581
S279,0.07369111085827344,0.012011317989896346,0.20845943949913792,0.0033424201623008815,0.2180378174512157,0.00023427332772924368,6.139671936049059e-05
S28,0.024882813966317904,0.0680473013394821,0.01116068680329448,0.0626977141902938,1.327250819495079e-05,3.5986840256641444e-05,0.007341922116385489
S280,0.07263275563215256,0.040068139528190126,0.1598471600103968,0.08634684306962499,0.14375201068651577,0.00493446279184016,0.0008479177063475085
S281,0.0434487322128421,0.11615581986539046,0.10449400055981665,0.019051100133484454,0.001013437736345757,0.0018427131581480194,0.018135321823867265
S282,0.05219696952568436,0.1564368149655407,0.14082646203096816,0.009466571442257864,0.002212140504881381,0.0004264694548185629,0.0038133587556394345
S283,0.03278645831702293,0.039637658661879446,0.055760866898781604,0.015350765687423254,0.0014768891861456279,0.06348888546786244,0.021003684000045247
S284,0.0898034639137697,0.2573361605124682,0.1544167367153495,0.0699892963401502,0.009211817900186072,0.024233573184166638,0.023633198830297592
S285,0.0946075918315561,0.25357997921323716,0.1431770478386618,0.09928085289727397,0.02196450066853198,0.007534169309682887,0.04210900106194892
S286,0.061230060270300084,0.16561357892128065,0.163173584709938,0.01744569248277261,0.004986428543356028,2.856233228503088e-06,0.016158220731224738
S288,0.043321036179755266,0.10899203913361011,0.08874340218128766,0.012921852871372016,0.0001989476939033855,0.013742444103609109,0.035327531094749294
S289,0.03500670616628794,0.06080103937688537,0.05223351969565761,0.04125234425322169,0.03604272870628576,0.008844561560611608,0.010866043405065588
S29,0.07817089516404553,0.2316605666283454,0.09015035101415877,0.14449443963703235,0.0012928295687368878,0.00014577210604380962,0.0012814120299559967
S290,0.06597739690105706,0.146641615782082,0.11594582798399629,0.023318633980955277,0.09701308507347622,0.0026061071130720126,0.010339111472760515
S291,0.017541617634348878,0.0009339929795581946,0.02748527638549798,0.02443310434613213,4.61792831729341e-06,0.05032525067176447,0.002067463494823198
S292,0.03921456289995282,0.001212355393331697,0.01646938894841737,0.10286884578469968,1.768294138431365e-05,0.11470358506615749,1.5519265726402547e-05
S294,0.0696445755655228,0.20640195382444848,0.05606912140088755,0.05183940117611736,0.015986613634223816,0.07705137219804194,0.010518991159417674
S295,0.06728195426895257,0.20178232355669626,0.11351847868869393,0.0702598835908405,0.007655467571194995,0.003032359797038033,0.007443212409251741
S299,0.04468979101903955,0.12914345967603197,0.1311110710999729,0.001716041170399568,1.361579561188017e-05,2.8615638971864345e-05,0.006125942733249068
S30,0.04991668388379653,0.14965149669072048,0.11700379762117742,0.026527706526117047,0.00010590709580958093,6.060390019430689e-06,0.006205134978935262
S300,0.020080194790519913,0.060032967493208876,0.0379747039746671,0.019049012244032684,0.002885157802528262,7.326069513694926e-05,0.0004660665335456007
S302,0.06556029956699422,0.14896708978451556,0.16394999721212283,0.04249483073993226,0.021592886553646867,0.008499628353202927,0.007857364758544797
S303,0.06396987598985099,0.1853179227347636,0.17172707083983454,0.006591698618474996,0.006474417192277401,0.0013517290950503216,0.01235641745870504
S304,0.0045236866401614905,0.01295586521390955,0.011028673116488074,0.001772687215001506,0.00015876621475637733,0.0009706576128958566,0.00025547046791757875
S305,0.020495428570770673,0.03182831361468264,0.03204011051329313,0.0030768472259722467,3.8436672406526525e-05,0.0559523228237586,3.6540574510889734e-05
S306,0.06512590539726514,0.1742934123011875,0.08126177724087373,0.013504002925985732,0.11352269115690886,0.002217593329349745,0.005955955429285246
S308,0.024810737448189398,0.03623900279784544,0.03697099229918221,0.011055835289202778,0.03948874310820751,0.015739522907166428,0.009370328287531999
S309,0.10755585616574516,0.2383902105767066,0.06451852089677522,0.10719909723649942,0.22972531357056972,0.0045842214299068075,0.0009177732840132942
S31,0.09849795269697383,0.2648120894873251,0.16709973462473848,0.04289588652795172,0.11442183311408417,0.0010141738407123326,0.0007439985870311119
S310,0.11198402178752741,0.19062982220163058,0.17065003941567167,0.10162225288043353,0.10564846146088293,0.08143827915145951,0.021915275615086233
S312,0.06816796071461188,0.021412204232566304,0.1862992543619842,0.0012050742363597297,0.19878962787149287,0.0004436347332839645,0.0008579688519843052
S313,0.12931788648740855,0.11515537946039787,0.3559282064689048,0.23946706469569232,0.05728517067890602,0.006926215883764219,0.0011452817367860822
S314,0.13315183997437882,0.3953332523192239,0.3942696120871982,0.005731998634297829,0.0020992194449839597,1.2910100417023153e-05,0.00146404726015193
S315,0.16479634736967616,0.44420609554551665,0.3581284040395487,0.002206685543342616,0.02676304129997238,4.1857476052297845e-05,0.15743200031362412
S316,0.039039224301336946,0.09370432209789271,0.09369304657505079,0.008495528509026613,0.029221073497468514,0.003128030621784198,0.005993344506798844
S317,0.055900399536420904,0.16602685672985334,0.1583437547098893,0.006840407337478248,0.0015159304139658611,0.0010144890607563383,0.0016609589665823289
S318,0.029138002396987498,0.06481892857075457,0.08229245322117353,0.008937063103044644,0.00146074449843413,0.0005836369273067742,0.01673518806121133
S319,0.061186493573389365,0.07587413948867798,0.1806732048669712,0.02070728584589272,0.08132190957668892,0.0046109454777349046,0.0039314761843705056
S32,0.07379119415946543,0.09281698547044222,0.08290000170672222,0.20060620507175334,0.029171137508156815,0.022898049601938347,0.01435478559777965
S320,0.033210843045089915,0.05680147305024915,0.0818272706653136,0.0398512273678597,0.015176809042074819,0.00013925458100641323,0.0054690235640358
S321,0.017246028289272568,0.049711953529783436,0.04616824074722851,0.0026835577152900985,0.0005508173667608671,1.1368719562119841e-05,0.00435023165701039
S322,0.023184296301528847,0.0630028660386841,0.038774753512981666,0.01810775653270953,0.0037452646810562772,0.008431515130146469,0.0070436219135950415
S323,0.006182468616096005,0.017196618642238023,0.009044889939555344,0.008485241177495734,9.970517215221971e-05,1.3121395753514663e-05,0.0022552353693811892
S324,0.04418674157133102,0.12553594787701614,0.11548862278458444,0.021755375327915737,0.0017549541148620376,2.0877534334790505e-05,0.0005646717892730039
S326,0.09619311927685109,0.24298812646587942,0.13127714199019916,0.008971955515560756,0.17369904797401092,0.00013471649794483814,0.020087727217511488
S328,0.13311433135567505,0.07166120503844596,0.27829221675036375,0.03574310504691013,0.015440459763023263,0.39353920393835706,0.004009797596949963
S33,0.12461465115643439,0.371072701680564,0.0071909088982491,0.36937092716929143,1.3270152944279036e-06,1.4979268463299519e-05,3.706290674410966e-05
S330,0.008793781677341305,0.0005981836123869448,0.01868214079295726,0.0005602705746830648,0.010893766045878028,6.071290228593144e-07,0.02202772190911968
S331,0.0201932787125477,0.056426677559269126,0.039057436993228285,0.0015072525139281467,0.0220966499752058,0.00022092746618616264,0.0018507277674686597
S332,0.024338962545561036,0.06575012704412925,0.046208693577567246,0.030143629509961137,5.167426781484445e-05,2.3416286896522983e-06,0.0038773092452040947
S334,0.007008491766369363,0.0200895745148471,0.010246354041208192,0.01135574562559674,6.717944892785342e-06,1.6994750062684208e-05,0.0003355637216086809
S335,0.020891902151933543,0.06204083802057491,0.04616176100421566,0.0038207117167056433,0.005709811709263271,0.0005229220238020535,0.007095368437039741
S34,0.0015849136324136935,0.004754688713457201,0.0007935033267261578,0.003915147198722479,1.1048005376300434e-06,1.304740341775956e-06,4.3733014696918036e-05
S35,0.07292092116980638,0.1818325783057991,0.08697230865024269,0.07740998205107666,0.0727533132468355,0.006067411876942436,0.01248993288794198
S36,0.18916001906951074,0.10149600963267238,0.45732721348282723,0.5592649826739885,0.008656821426340671,0.0037772834372567497,0.00443780376397906
S37,0.06810001783400015,0.20413141259117534,0.13110946472145316,0.04372794976063266,0.005252602570546367,0.0021189727074916887,0.022259704652701613
S38,0.10640002680425144,0.3191910014495004,0.20360815661247772,0.11136987496889178,6.465871832431644e-05,0.00020392643651838022,0.003962542639796016
S41,0.08000100603478778,0.09065600493841917,0.1306574822662637,0.05281997189929683,0.024283196725814377,0.1410969187741697,0.040492461604762976
S42,0.1381425003755923,0.39112776751969636,0.36028768532250594,0.06238352046788754,6.21407954821442e-05,0.0034733295925339076,0.01152055855544798
S43,0.026750566189178173,0.010942230096421902,0.06320775897632713,0.07242789220168823,0.004661748417179943,0.007126784019471593,0.002136983423980226
S44,0.03329115631615918,0.044056306709002374,0.09772776480694718,0.008068143936494151,0.03871453019376656,0.002181885437023165,0.008998306813721624
S46,0.012842165407307975,0.0321503009682071,0.02992555943479831,0.0036370952135751254,0.002245852888988753,0.0002443636847649289,0.00884982025351365
S47,0.004120580849617518,0.011751248629096529,0.0005483238516027119,0.0120364999777917,3.4463334371972054e-06,9.041371276112365e-07,0.00038306216864936036
S49,0.07503214699974635,0.14296332861461872,0.02826449475618903,0.07408359830860466,1.1671180548843651e-05,0.20385703273779415,0.0010127564007226942
S5,0.030947818473718223,0.09156655978371332,0.027692095401768247,0.05796093778800118,0.0056209774135091185,0.00026437175352011377,0.0025819687017973733
S51,0.07000427019143186,0.0937308814766772,0.019133523032100384,0.11940065104769747,2.3062637664324593e-05,0.1824240009723802,0.005313501982071597
S52,0.03381533690283886,0.07646316613452142,0.0962636379721237,0.0015230259422084579,0.005598994385167872,0.002493587943202518,0.020549609039809208
S53,0.07754363159330456,0.22203487527907742,0.22809540500278036,0.005161691321265062,0.003993741734348508,0.0013638909649012424,0.004612185257454782
S56,0.009642249176482211,0.01565012843826104,0.009522192558351086,0.005232546700690193,0.009196052618283547,0.003269253356961814,0.01498332138634559
S57,0.031889263556854223,0.045252158492895676,0.08913793920587827,0.009245224686580393,0.003795724875195752,0.0005357402353155646,0.04336879384525968
S58,0.02059619441104185,0.060457583720014134,0.04225880743002353,0.000987233153027736,0.0035297022642753763,0.0011783776659067449,0.015165462233003591
S59,0.058489616052183946,0.1467422812204263,0.17037793511247992,0.011356319781959317,0.0003078355785196103,7.077187643277738e-05,0.022082552743285768
S6,0.07856203352185442,0.2315196748664439,0.16780822517287572,0.006029631439135195,0.05722337845643488,0.0028886314315689577,0.0059026597646678804
S61,0.056764723254129734,0.15629999805593148,0.13673750532567,0.04110087890241973,0.003164199479699365,0.002248984232087493,0.0010367735289702894
S62,0.030606560979092864,0.06180761016779352,0.08514416289264362,0.001996822341643188,0.02303335539205502,0.0067880620084735215,0.004869353071948294
S64,0.03795213083485074,0.11179445576398503,0.09770914976474637,0.0005609162950262313,0.015564302677535138,0.0011085761452144073,0.0009753843625972407
S65,0.022672695311619626,0.06636511833978938,0.014768335947131098,0.0017996151396209867,0.0009997080658408835,0.0011983083190271555,0.05090508605830823
S66,0.02601768378289467,0.07685899847146742,0.06642450370665111,0.006160533190737964,0.0049041925291477126,0.0008508472232930853,0.0009070275760707233
S68,0.06342052594836549,0.1492804709627795,0.16761561482007822,0.03714906327779678,0.019798922341272722,0.0005444975751509501,0.006134586713114778
S69,0.15741076076118057,0.4702966130623036,0.44746471220240874,0.0026515975387359503,0.00032615903631968485,1.6254637406338662e-05,0.02370922808990915
S7,0.018274812398135096,0.03382138391109064,0.02276864383011529,0.0028131588410033946,0.02358691834757592,0.000538669569658708,0.026120099889366612
S70,0.014232512087036396,0.04241051129303428,0.042013107629234096,0.0001687710274389005,3.0467304615910456e-05,0.00026377915271538326,0.0005084361151798102
S71,0.007478825096144601,0.018510411513285203,0.006248355113359396,0.01280629050945006,0.005367258599176118,0.001406680227631893,0.0005339546139649273
S72,0.05705679744051253,0.17029837474975817,0.1617679427822823,0.0010040237427717295,0.0020716471142472187,0.0002652067314393333,0.0069335895225763845
S73,0.1662473026083541,0.24917500862404432,0.20722513380195978,0.038785527880348565,0.019924697716259293,0.4564030754450092,0.025970372182503438
S74,0.0749780795136948,0.22486530841421606,0.20046318358034645,0.008365343166021546,0.003322559988384403,0.00811557801882796,0.004736503914372391
S75,0.08301265671927568,0.12885403898378336,0.10700265037697812,0.013821743529900482,0.24454796271098986,0.0010521837849712863,0.0027973609290309937
S76,0.13080689055393482,0.13761452168961705,0.0993387049615856,0.16129381309511692,0.02066288531035586,0.36167585875334757,0.004255559513585955
S77,0.06056093586685136,0.14432618877918088,0.0385864540455718,0.17919825628499447,0.001132743863757577,6.201347818000594e-05,5.995874942343892e-05
S8,0.0767862924436188,0.2231041373111384,0.1780990383441067,0.009605399816514705,0.04348712705546359,2.9391889239377388e-05,0.006392660245249963
S80,0.09566724394715859,0.19542468289089535,0.14890088707220445,0.038345039163402164,0.1427140836151269,0.04456563849509828,0.004053132446224249
S81,0.04257240992647405,0.08973014504154704,0.08244947343258814,0.02034049331977018,0.05635503158738679,0.0001382167203124405,0.006421099457239715
S82,0.10274758687871983,0.2773018456309327,0.10511039174746191,0.18273990756492123,0.028368904659023683,0.0052168463012109995,0.017747625368768647
S83,0.013583833277777992,0.03643468685920795,0.016829249302862316,0.022151262916426568,0.00034844754109884194,0.0028188112089774582,0.0029205418380948036
S84,0.028887499724988542,0.0709512774470907,0.01571906616207169,0.08637749279859047,5.437701229376702e-05,0.0001990156444943617,2.3769285390234356e-05
S85,0.030411418230169036,0.004720600082928166,0.08739141623554254,0.00010510733164348062,0.08097686775868763,1.8697904489648287e-05,0.009255820067722745
S86,0.017086412135517922,0.02084572307651889,0.05032190963004296,0.002087130141617226,0.020159778633703964,0.0045971127659231005,0.004506818565301378
S87,0.05113876332055009,0.05677337026396521,0.14410493749787562,0.02454058034591383,0.06599402273146637,0.011104964543317102,0.0043147045407623584
S88,0.015109652953815852,0.03217988638203626,0.015108211379130095,0.022689381257561335,0.002975272027819842,0.0012799832251422013,0.016425183451205378
S89,0.008763322027039257,0.012511996088363302,0.01483758749953827,0.024348447807912676,0.00029959151659615104,0.0001407565497075822,0.0004415527001175582
S90,0.02304664616733901,0.04734600400941129,0.038114249575538175,0.004740510030864161,0.040596415172015954,0.002626725777630236,0.004855972438574245
S92,0.05213971100879609,0.005284053176312305,0.10434229683639645,0.04793844247965994,0.08146339237721571,0.0002619305521342505,0.07354815063105782
S93,0.010016916041971769,0.006039859033870643,0.02956434958406514,0.0008564409940183814,0.010598928997231943,1.473329875252839e-06,0.013040444312769246
S94,0.10366200017445226,0.20150156811878395,0.1604214015185108,0.1245638900110234,0.12603153026319153,0.004753280284804797,0.004700330850399161
S95,0.09596788708521446,0.2446256786373571,0.09620363031212933,0.23082874705443393,0.0015030280464914001,0.0005621190532751079,0.0020841194075999457
S96,0.07618627996204706,0.2171422866482728,0.18551269598194395,0.019039059360800914,0.008790064974682514,0.0009642357778256197,0.02566933702875667
S97,0.014552212588582393,0.021012684713955936,0.024605766844147135,0.0026133137333022344,0.035020134151763894,0.0015837348256542618,0.002477641262670895
S99,0.10488865602055449,0.2617346987179034,0.16000520027374907,0.07364356937335442,0.041684051478879325,0.08947031272828218,0.0027941035511585568
